9,RQUTJOPQHSQ6Y,https://www.care6.pharmacy-online.com,81
10,CAJ2IU20EYVR9,https://www.vitalidad18.pharmacy-online.com,91
11,WM4093VGK669V,https://www.drogueria4.pharmacy-online.com,101
12,2RC167MKWRX33,https://www.droguista10.pharmacy-online.com,111
13,H3YBJZXY9MWI6,https://www.care6.pharmacy-online.com,121
14,2M6XE23R7Y6J2,https://www.cuidate16.pharmacy-online.com,131
15,QBU8UQ2PN67U1,https://www.farma1.pharmacy-online.com,141
16,4984UPV10DQLR,https://www.pharmacy5.pharmacy-online.com,151
17,1MHRZNKYQS26P,https://www.medic9.pharmacy-online.com,161
18,QVWZHS6P5CYY1,https://www.medicina2.pharmacy-online.com,171
19,R6OVSGWS5P3BD,https://www.wellness8.pharmacy-online.com,181
20,TCEIJGPQ2UVN7,https://www.apotheke17.pharmacy-online.com,191
21,S0VANA2X9I9VE,https://www.drogueria4.pharmacy-online.com,201
22,9ULCHEY4FSSLG,https://www.drogueria4.pharmacy-online.com,211
23,7T4VAAUAUF6L4,https://www.medic9.pharmacy-online.com,221
24,OMZADQHZK7343,https://www.therapia11.pharmacy-online.com,231
25,8TV7ADNKSYJG9,https://www.meds20.pharmacy-online.com,241
